DATE,COUNTY,STATE,FIPS,CASES,DEATHS,ISO3166_1,ISO3166_2,CASES_SINCE_PREV_DAY,DEATHS_SINCE_PREV_DAY,LAST_UPDATE_DATE
2020-03-23,Adair,Missouri,29001,2,0,US,MO,0,0,2020-04-04 16:02:00.462
2020-03-24,Adair,Missouri,29001,2,0,US,MO,0,0,2020-04-04 16:02:00.462
2020-03-25,Adair,Missouri,29001,2,0,US,MO,0,0,2020-04-04 16:02:00.462
2020-03-26,Adair,Missouri,29001,2,0,US,MO,0,0,2020-04-04 16:02:00.462
2020-03-27,Adair,Missouri,29001,2,0,US,MO,0,0,2020-04-04 16:02:00.462
2020-03-28,Adair,Missouri,29001,2,0,US,MO,0,0,2020-04-04 16:02:00.462
2020-03-29,Adair,Missouri,29001,2,0,US,MO,0,0,2020-04-04 16:02:00.462
2020-03-30,Adair,Missouri,29001,2,0,US,MO,0,0,2020-04-04 16:02:00.462
2020-03-31,Adair,Missouri,29001,2,0,US,MO,0,0,2020-04-04 16:02:00.462
2020-04-01,Adair,Missouri,29001,3,0,US,MO,1,0,2020-04-04 16:02:00.462
2020-04-02,Adair,Missouri,29001,6,0,US,MO,3,0,2020-04-04 16:02:00.462
2020-04-03,Adair,Missouri,29001,8,0,US,MO,2,0,2020-04-04 16:02:00.462
2020-03-27,Atchison,Missouri,29005,1,0,US,MO,0,0,2020-04-04 16:02:00.462
2020-03-28,Atchison,Missouri,29005,1,0,US,MO,0,0,2020-04-04 16:02:00.462
2020-03-29,Atchison,Missouri,29005,1,0,US,MO,0,0,2020-04-04 16:02:00.462
2020-03-30,Atchison,Missouri,29005,1,0,US,MO,0,0,2020-04-04 16:02:00.462
2020-03-31,Atchison,Missouri,29005,1,0,US,MO,0,0,2020-04-04 16:02:00.462
2020-04-01,Atchison,Missouri,29005,1,0,US,MO,0,0,2020-04-04 16:02:00.462
2020-04-02,Atchison,Missouri,29005,1,0,US,MO,0,0,2020-04-04 16:02:00.462
2020-04-03,Atchison,Missouri,29005,1,0,US,MO,0,0,2020-04-04 16:02:00.462
2020-03-27,Barry,Missouri,29009,1,0,US,MO,0,0,2020-04-04 16:02:00.462
2020-03-28,Barry,Missouri,29009,1,0,US,MO,0,0,2020-04-04 16:02:00.462
2020-03-29,Barry,Missouri,29009,1,0,US,MO,0,0,2020-04-04 16:02:00.462
2020-03-30,Barry,Missouri,29009,1,0,US,MO,0,0,2020-04-04 16:02:00.462
2020-03-31,Barry,Missouri,29009,1,0,US,MO,0,0,2020-04-04 16:02:00.462
2020-04-01,Barry,Missouri,29009,1,0,US,MO,0,0,2020-04-04 16:02:00.462
2020-04-02,Barry,Missouri,29009,1,0,US,MO,0,0,2020-04-04 16:02:00.462
2020-04-03,Barry,Missouri,29009,1,0,US,MO,0,0,2020-04-04 16:02:00.462
2020-03-21,Bates,Missouri,29013,1,0,US,MO,0,0,2020-04-04 16:02:00.462
2020-03-22,Bates,Missouri,29013,1,0,US,MO,0,0,2020-04-04 16:02:00.462
2020-03-23,Bates,Missouri,29013,1,0,US,MO,0,0,2020-04-04 16:02:00.462
2020-03-24,Bates,Missouri,29013,1,0,US,MO,0,0,2020-04-04 16:02:00.462
2020-03-25,Bates,Missouri,29013,1,0,US,MO,0,0,2020-04-04 16:02:00.462
2020-03-26,Bates,Missouri,29013,1,0,US,MO,0,0,2020-04-04 16:02:00.462
2020-03-27,Bates,Missouri,29013,1,0,US,MO,0,0,2020-04-04 16:02:00.462
2020-03-28,Bates,Missouri,29013,1,0,US,MO,0,0,2020-04-04 16:02:00.462
2020-03-29,Bates,Missouri,29013,2,0,US,MO,1,0,2020-04-04 16:02:00.462
2020-03-30,Bates,Missouri,29013,1,0,US,MO,-1,0,2020-04-04 16:02:00.462
2020-03-31,Bates,Missouri,29013,1,0,US,MO,0,0,2020-04-04 16:02:00.462
2020-04-01,Bates,Missouri,29013,2,0,US,MO,1,0,2020-04-04 16:02:00.462
2020-04-02,Bates,Missouri,29013,2,0,US,MO,0,0,2020-04-04 16:02:00.462
2020-04-03,Bates,Missouri,29013,3,0,US,MO,1,0,2020-04-04 16:02:00.462
2020-03-26,Benton,Missouri,29015,1,0,US,MO,0,0,2020-04-04 16:02:00.462
2020-03-27,Benton,Missouri,29015,1,0,US,MO,0,0,2020-04-04 16:02:00.462
2020-03-28,Benton,Missouri,29015,1,0,US,MO,0,0,2020-04-04 16:02:00.462
2020-03-29,Benton,Missouri,29015,1,0,US,MO,0,0,2020-04-04 16:02:00.462
2020-03-30,Benton,Missouri,29015,1,0,US,MO,0,0,2020-04-04 16:02:00.462
2020-03-31,Benton,Missouri,29015,2,0,US,MO,1,0,2020-04-04 16:02:00.462
2020-04-01,Benton,Missouri,29015,3,0,US,MO,1,0,2020-04-04 16:02:00.462
2020-04-02,Benton,Missouri,29015,3,0,US,MO,0,0,2020-04-04 16:02:00.462
2020-04-03,Benton,Missouri,29015,3,0,US,MO,0,0,2020-04-04 16:02:00.462
2020-03-26,Bollinger,Missouri,29017,1,0,US,MO,0,0,2020-04-04 16:02:00.462
2020-03-27,Bollinger,Missouri,29017,1,0,US,MO,0,0,2020-04-04 16:02:00.462
2020-03-28,Bollinger,Missouri,29017,1,0,US,MO,0,0,2020-04-04 16:02:00.462
2020-03-29,Bollinger,Missouri,29017,1,0,US,MO,0,0,2020-04-04 16:02:00.462
2020-03-30,Bollinger,Missouri,29017,1,0,US,MO,0,0,2020-04-04 16:02:00.462
2020-03-31,Bollinger,Missouri,29017,1,0,US,MO,0,0,2020-04-04 16:02:00.462
2020-04-01,Bollinger,Missouri,29017,1,0,US,MO,0,0,2020-04-04 16:02:00.462
2020-04-02,Bollinger,Missouri,29017,1,0,US,MO,0,0,2020-04-04 16:02:00.462
2020-04-03,Bollinger,Missouri,29017,1,0,US,MO,0,0,2020-04-04 16:02:00.462
2020-03-17,Boone,Missouri,29019,1,0,US,MO,0,0,2020-04-04 16:02:00.462
2020-03-18,Boone,Missouri,29019,1,1,US,MO,0,1,2020-04-04 16:02:00.462
2020-03-19,Boone,Missouri,29019,3,1,US,MO,2,0,2020-04-04 16:02:00.462
2020-03-20,Boone,Missouri,29019,10,1,US,MO,7,0,2020-04-04 16:02:00.462
2020-03-21,Boone,Missouri,29019,11,1,US,MO,1,0,2020-04-04 16:02:00.462
2020-03-22,Boone,Missouri,29019,11,1,US,MO,0,0,2020-04-04 16:02:00.462
2020-03-23,Boone,Missouri,29019,17,1,US,MO,6,0,2020-04-04 16:02:00.462
2020-03-24,Boone,Missouri,29019,20,1,US,MO,3,0,2020-04-04 16:02:00.462
2020-03-25,Boone,Missouri,29019,20,1,US,MO,0,0,2020-04-04 16:02:00.462
2020-03-26,Boone,Missouri,29019,25,1,US,MO,5,0,2020-04-04 16:02:00.462
2020-03-27,Boone,Missouri,29019,37,1,US,MO,12,0,2020-04-04 16:02:00.462
2020-03-28,Boone,Missouri,29019,49,1,US,MO,12,0,2020-04-04 16:02:00.462
2020-03-29,Boone,Missouri,29019,50,1,US,MO,1,0,2020-04-04 16:02:00.462
2020-03-30,Boone,Missouri,29019,59,1,US,MO,9,0,2020-04-04 16:02:00.462
2020-03-31,Boone,Missouri,29019,64,1,US,MO,5,0,2020-04-04 16:02:00.462
2020-04-01,Boone,Missouri,29019,65,1,US,MO,1,0,2020-04-04 16:02:00.462
2020-04-02,Boone,Missouri,29019,69,1,US,MO,4,0,2020-04-04 16:02:00.462
2020-04-03,Boone,Missouri,29019,74,1,US,MO,5,0,2020-04-04 16:02:00.462
2020-03-27,Buchanan,Missouri,29021,2,0,US,MO,0,0,2020-04-04 16:02:00.462
2020-03-28,Buchanan,Missouri,29021,3,0,US,MO,1,0,2020-04-04 16:02:00.462
2020-03-29,Buchanan,Missouri,29021,3,0,US,MO,0,0,2020-04-04 16:02:00.462
2020-03-30,Buchanan,Missouri,29021,3,0,US,MO,0,0,2020-04-04 16:02:00.462
2020-03-31,Buchanan,Missouri,29021,5,0,US,MO,2,0,2020-04-04 16:02:00.462
2020-04-01,Buchanan,Missouri,29021,5,0,US,MO,0,0,2020-04-04 16:02:00.462
2020-04-02,Buchanan,Missouri,29021,5,0,US,MO,0,0,2020-04-04 16:02:00.462
2020-04-03,Buchanan,Missouri,29021,8,0,US,MO,3,0,2020-04-04 16:02:00.462
2020-04-01,Butler,Missouri,29023,1,0,US,MO,0,0,2020-04-04 16:02:00.462
2020-04-02,Butler,Missouri,29023,1,0,US,MO,0,0,2020-04-04 16:02:00.462
2020-04-03,Butler,Missouri,29023,1,0,US,MO,0,0,2020-04-04 16:02:00.462
2020-04-01,Caldwell,Missouri,29025,1,0,US,MO,0,0,2020-04-04 16:02:00.462
2020-04-02,Caldwell,Missouri,29025,1,0,US,MO,0,0,2020-04-04 16:02:00.462
2020-04-03,Caldwell,Missouri,29025,1,0,US,MO,0,0,2020-04-04 16:02:00.462
2020-03-23,Callaway,Missouri,29027,1,0,US,MO,0,0,2020-04-04 16:02:00.462
2020-03-24,Callaway,Missouri,29027,2,0,US,MO,1,0,2020-04-04 16:02:00.462
2020-03-25,Callaway,Missouri,29027,2,0,US,MO,0,0,2020-04-04 16:02:00.462
2020-03-26,Callaway,Missouri,29027,2,0,US,MO,0,0,2020-04-04 16:02:00.462
2020-03-27,Callaway,Missouri,29027,3,0,US,MO,1,0,2020-04-04 16:02:00.462
2020-03-28,Callaway,Missouri,29027,6,0,US,MO,3,0,2020-04-04 16:02:00.462
2020-03-29,Callaway,Missouri,29027,8,0,US,MO,2,0,2020-04-04 16:02:00.462
2020-03-30,Callaway,Missouri,29027,13,0,US,MO,5,0,2020-04-04 16:02:00.462
2020-03-31,Callaway,Missouri,29027,14,0,US,MO,1,0,2020-04-04 16:02:00.462
2020-04-01,Callaway,Missouri,29027,17,0,US,MO,3,0,2020-04-04 16:02:00.462
2020-04-02,Callaway,Missouri,29027,18,0,US,MO,1,0,2020-04-04 16:02:00.462
2020-04-03,Callaway,Missouri,29027,18,0,US,MO,0,0,2020-04-04 16:02:00.462
2020-03-23,Camden,Missouri,29029,1,0,US,MO,0,0,2020-04-04 16:02:00.462
2020-03-24,Camden,Missouri,29029,1,0,US,MO,0,0,2020-04-04 16:02:00.462
2020-03-25,Camden,Missouri,29029,1,0,US,MO,0,0,2020-04-04 16:02:00.462
2020-03-26,Camden,Missouri,29029,1,0,US,MO,0,0,2020-04-04 16:02:00.462
2020-03-27,Camden,Missouri,29029,1,0,US,MO,0,0,2020-04-04 16:02:00.462
2020-03-28,Camden,Missouri,29029,4,1,US,MO,3,1,2020-04-04 16:02:00.462
2020-03-29,Camden,Missouri,29029,7,1,US,MO,3,0,2020-04-04 16:02:00.462
2020-03-30,Camden,Missouri,29029,11,1,US,MO,4,0,2020-04-04 16:02:00.462
2020-03-31,Camden,Missouri,29029,12,1,US,MO,1,0,2020-04-04 16:02:00.462
2020-04-01,Camden,Missouri,29029,17,1,US,MO,5,0,2020-04-04 16:02:00.462
2020-04-02,Camden,Missouri,29029,19,1,US,MO,2,0,2020-04-04 16:02:00.462
2020-04-03,Camden,Missouri,29029,21,1,US,MO,2,0,2020-04-04 16:02:00.462
2020-03-24,Cape Girardeau,Missouri,29031,1,0,US,MO,0,0,2020-04-04 16:02:00.462
2020-03-25,Cape Girardeau,Missouri,29031,3,0,US,MO,2,0,2020-04-04 16:02:00.462
2020-03-26,Cape Girardeau,Missouri,29031,6,0,US,MO,3,0,2020-04-04 16:02:00.462
2020-03-27,Cape Girardeau,Missouri,29031,6,0,US,MO,0,0,2020-04-04 16:02:00.462
2020-03-28,Cape Girardeau,Missouri,29031,6,0,US,MO,0,0,2020-04-04 16:02:00.462
2020-03-29,Cape Girardeau,Missouri,29031,6,0,US,MO,0,0,2020-04-04 16:02:00.462
2020-03-30,Cape Girardeau,Missouri,29031,13,0,US,MO,7,0,2020-04-04 16:02:00.462
2020-03-31,Cape Girardeau,Missouri,29031,15,0,US,MO,2,0,2020-04-04 16:02:00.462
2020-04-01,Cape Girardeau,Missouri,29031,15,0,US,MO,0,0,2020-04-04 16:02:00.462
2020-04-02,Cape Girardeau,Missouri,29031,15,0,US,MO,0,0,2020-04-04 16:02:00.462
2020-04-03,Cape Girardeau,Missouri,29031,15,0,US,MO,0,0,2020-04-04 16:02:00.462
2020-03-26,Carter,Missouri,29035,1,0,US,MO,0,0,2020-04-04 16:02:00.462
2020-03-27,Carter,Missouri,29035,1,0,US,MO,0,0,2020-04-04 16:02:00.462
2020-03-28,Carter,Missouri,29035,2,0,US,MO,1,0,2020-04-04 16:02:00.462
2020-03-29,Carter,Missouri,29035,2,0,US,MO,0,0,2020-04-04 16:02:00.462
2020-03-30,Carter,Missouri,29035,2,0,US,MO,0,0,2020-04-04 16:02:00.462
2020-03-31,Carter,Missouri,29035,4,0,US,MO,2,0,2020-04-04 16:02:00.462
2020-04-01,Carter,Missouri,29035,4,0,US,MO,0,0,2020-04-04 16:02:00.462
2020-04-02,Carter,Missouri,29035,4,0,US,MO,0,0,2020-04-04 16:02:00.462
2020-04-03,Carter,Missouri,29035,3,0,US,MO,-1,0,2020-04-04 16:02:00.462
2020-03-16,Cass,Missouri,29037,1,0,US,MO,0,0,2020-04-04 16:02:00.462
2020-03-17,Cass,Missouri,29037,2,0,US,MO,1,0,2020-04-04 16:02:00.462
2020-03-18,Cass,Missouri,29037,2,0,US,MO,0,0,2020-04-04 16:02:00.462
2020-03-19,Cass,Missouri,29037,4,0,US,MO,2,0,2020-04-04 16:02:00.462
2020-03-20,Cass,Missouri,29037,6,0,US,MO,2,0,2020-04-04 16:02:00.462
2020-03-21,Cass,Missouri,29037,6,0,US,MO,0,0,2020-04-04 16:02:00.462
2020-03-22,Cass,Missouri,29037,6,0,US,MO,0,0,2020-04-04 16:02:00.462
2020-03-23,Cass,Missouri,29037,6,0,US,MO,0,0,2020-04-04 16:02:00.462
2020-03-24,Cass,Missouri,29037,6,0,US,MO,0,0,2020-04-04 16:02:00.462
2020-03-25,Cass,Missouri,29037,8,0,US,MO,2,0,2020-04-04 16:02:00.462
2020-03-26,Cass,Missouri,29037,8,0,US,MO,0,0,2020-04-04 16:02:00.462
2020-03-27,Cass,Missouri,29037,8,0,US,MO,0,0,2020-04-04 16:02:00.462
2020-03-28,Cass,Missouri,29037,8,0,US,MO,0,0,2020-04-04 16:02:00.462
2020-03-29,Cass,Missouri,29037,8,0,US,MO,0,0,2020-04-04 16:02:00.462
2020-03-30,Cass,Missouri,29037,9,0,US,MO,1,0,2020-04-04 16:02:00.462
2020-03-31,Cass,Missouri,29037,14,0,US,MO,5,0,2020-04-04 16:02:00.462
2020-04-01,Cass,Missouri,29037,17,1,US,MO,3,1,2020-04-04 16:02:00.462
2020-04-02,Cass,Missouri,29037,21,1,US,MO,4,0,2020-04-04 16:02:00.462
2020-04-03,Cass,Missouri,29037,21,1,US,MO,0,0,2020-04-04 16:02:00.462
2020-03-30,Cedar,Missouri,29039,5,0,US,MO,0,0,2020-04-04 16:02:00.462
2020-03-31,Cedar,Missouri,29039,3,0,US,MO,-2,0,2020-04-04 16:02:00.462
2020-04-01,Cedar,Missouri,29039,3,0,US,MO,0,0,2020-04-04 16:02:00.462
2020-04-02,Cedar,Missouri,29039,3,0,US,MO,0,0,2020-04-04 16:02:00.462
2020-04-03,Cedar,Missouri,29039,4,0,US,MO,1,0,2020-04-04 16:02:00.462
2020-03-27,Chariton,Missouri,29041,1,0,US,MO,0,0,2020-04-04 16:02:00.462
2020-03-28,Chariton,Missouri,29041,1,0,US,MO,0,0,2020-04-04 16:02:00.462
2020-03-29,Chariton,Missouri,29041,1,0,US,MO,0,0,2020-04-04 16:02:00.462
2020-03-30,Chariton,Missouri,29041,3,0,US,MO,2,0,2020-04-04 16:02:00.462
2020-03-31,Chariton,Missouri,29041,4,0,US,MO,1,0,2020-04-04 16:02:00.462
2020-04-01,Chariton,Missouri,29041,4,0,US,MO,0,0,2020-04-04 16:02:00.462
2020-04-02,Chariton,Missouri,29041,4,0,US,MO,0,0,2020-04-04 16:02:00.462
2020-04-03,Chariton,Missouri,29041,4,0,US,MO,0,0,2020-04-04 16:02:00.462
2020-03-20,Christian,Missouri,29043,2,0,US,MO,0,0,2020-04-04 16:02:00.462
2020-03-21,Christian,Missouri,29043,2,0,US,MO,0,0,2020-04-04 16:02:00.462
2020-03-22,Christian,Missouri,29043,2,0,US,MO,0,0,2020-04-04 16:02:00.462
2020-03-23,Christian,Missouri,29043,2,0,US,MO,0,0,2020-04-04 16:02:00.462
2020-03-24,Christian,Missouri,29043,2,0,US,MO,0,0,2020-04-04 16:02:00.462
2020-03-25,Christian,Missouri,29043,2,0,US,MO,0,0,2020-04-04 16:02:00.462
2020-03-26,Christian,Missouri,29043,2,0,US,MO,0,0,2020-04-04 16:02:00.462
2020-03-27,Christian,Missouri,29043,3,0,US,MO,1,0,2020-04-04 16:02:00.462
2020-03-28,Christian,Missouri,29043,6,0,US,MO,3,0,2020-04-04 16:02:00.462
2020-03-29,Christian,Missouri,29043,7,0,US,MO,1,0,2020-04-04 16:02:00.462
2020-03-30,Christian,Missouri,29043,12,0,US,MO,5,0,2020-04-04 16:02:00.462
2020-03-31,Christian,Missouri,29043,11,0,US,MO,-1,0,2020-04-04 16:02:00.462
2020-04-01,Christian,Missouri,29043,11,0,US,MO,0,0,2020-04-04 16:02:00.462
2020-04-02,Christian,Missouri,29043,12,0,US,MO,1,0,2020-04-04 16:02:00.462
2020-04-03,Christian,Missouri,29043,13,0,US,MO,1,0,2020-04-04 16:02:00.462
2020-04-03,Clark,Missouri,29045,1,0,US,MO,0,0,2020-04-04 16:02:00.462
2020-03-23,Clay,Missouri,29047,3,0,US,MO,0,0,2020-04-04 16:02:00.462
2020-03-24,Clay,Missouri,29047,3,0,US,MO,0,0,2020-04-04 16:02:00.462
2020-03-25,Clay,Missouri,29047,5,0,US,MO,2,0,2020-04-04 16:02:00.462
2020-03-26,Clay,Missouri,29047,5,0,US,MO,0,0,2020-04-04 16:02:00.462
2020-03-27,Clay,Missouri,29047,9,0,US,MO,4,0,2020-04-04 16:02:00.462
2020-03-28,Clay,Missouri,29047,10,0,US,MO,1,0,2020-04-04 16:02:00.462
2020-03-29,Clay,Missouri,29047,11,0,US,MO,1,0,2020-04-04 16:02:00.462
2020-03-30,Clay,Missouri,29047,13,0,US,MO,2,0,2020-04-04 16:02:00.462
2020-03-31,Clay,Missouri,29047,16,0,US,MO,3,0,2020-04-04 16:02:00.462
2020-04-01,Clay,Missouri,29047,21,0,US,MO,5,0,2020-04-04 16:02:00.462
2020-04-02,Clay,Missouri,29047,23,0,US,MO,2,0,2020-04-04 16:02:00.462
2020-04-03,Clay,Missouri,29047,26,0,US,MO,3,0,2020-04-04 16:02:00.462
2020-03-23,Clinton,Missouri,29049,1,0,US,MO,0,0,2020-04-04 16:02:00.462
2020-03-24,Clinton,Missouri,29049,1,0,US,MO,0,0,2020-04-04 16:02:00.462
2020-03-25,Clinton,Missouri,29049,1,0,US,MO,0,0,2020-04-04 16:02:00.462
2020-03-26,Clinton,Missouri,29049,1,0,US,MO,0,0,2020-04-04 16:02:00.462
2020-03-27,Clinton,Missouri,29049,1,0,US,MO,0,0,2020-04-04 16:02:00.462
2020-03-28,Clinton,Missouri,29049,1,0,US,MO,0,0,2020-04-04 16:02:00.462
2020-03-29,Clinton,Missouri,29049,1,0,US,MO,0,0,2020-04-04 16:02:00.462
2020-03-30,Clinton,Missouri,29049,4,0,US,MO,3,0,2020-04-04 16:02:00.462
2020-03-31,Clinton,Missouri,29049,4,0,US,MO,0,0,2020-04-04 16:02:00.462
2020-04-01,Clinton,Missouri,29049,5,0,US,MO,1,0,2020-04-04 16:02:00.462
2020-04-02,Clinton,Missouri,29049,6,0,US,MO,1,0,2020-04-04 16:02:00.462
2020-04-03,Clinton,Missouri,29049,8,0,US,MO,2,0,2020-04-04 16:02:00.462
2020-03-17,Cole,Missouri,29051,1,0,US,MO,0,0,2020-04-04 16:02:00.462
2020-03-18,Cole,Missouri,29051,2,0,US,MO,1,0,2020-04-04 16:02:00.462
2020-03-19,Cole,Missouri,29051,2,0,US,MO,0,0,2020-04-04 16:02:00.462
2020-03-20,Cole,Missouri,29051,3,0,US,MO,1,0,2020-04-04 16:02:00.462
2020-03-21,Cole,Missouri,29051,3,0,US,MO,0,0,2020-04-04 16:02:00.462
2020-03-22,Cole,Missouri,29051,3,0,US,MO,0,0,2020-04-04 16:02:00.462
2020-03-23,Cole,Missouri,29051,5,0,US,MO,2,0,2020-04-04 16:02:00.462
2020-03-24,Cole,Missouri,29051,5,0,US,MO,0,0,2020-04-04 16:02:00.462
2020-03-25,Cole,Missouri,29051,6,0,US,MO,1,0,2020-04-04 16:02:00.462
2020-03-26,Cole,Missouri,29051,8,0,US,MO,2,0,2020-04-04 16:02:00.462
2020-03-27,Cole,Missouri,29051,10,0,US,MO,2,0,2020-04-04 16:02:00.462
2020-03-28,Cole,Missouri,29051,17,0,US,MO,7,0,2020-04-04 16:02:00.462
2020-03-29,Cole,Missouri,29051,17,0,US,MO,0,0,2020-04-04 16:02:00.462
2020-03-30,Cole,Missouri,29051,25,0,US,MO,8,0,2020-04-04 16:02:00.462
2020-03-31,Cole,Missouri,29051,23,0,US,MO,-2,0,2020-04-04 16:02:00.462
2020-04-01,Cole,Missouri,29051,24,0,US,MO,1,0,2020-04-04 16:02:00.462
2020-04-02,Cole,Missouri,29051,25,0,US,MO,1,0,2020-04-04 16:02:00.462
2020-04-03,Cole,Missouri,29051,26,1,US,MO,1,1,2020-04-04 16:02:00.462
2020-03-25,Cooper,Missouri,29053,1,0,US,MO,0,0,2020-04-04 16:02:00.462
2020-03-26,Cooper,Missouri,29053,1,0,US,MO,0,0,2020-04-04 16:02:00.462
2020-03-27,Cooper,Missouri,29053,1,0,US,MO,0,0,2020-04-04 16:02:00.462
2020-03-28,Cooper,Missouri,29053,1,0,US,MO,0,0,2020-04-04 16:02:00.462
2020-03-29,Cooper,Missouri,29053,1,0,US,MO,0,0,2020-04-04 16:02:00.462
2020-03-30,Cooper,Missouri,29053,1,0,US,MO,0,0,2020-04-04 16:02:00.462
2020-03-31,Cooper,Missouri,29053,2,0,US,MO,1,0,2020-04-04 16:02:00.462
2020-04-01,Cooper,Missouri,29053,2,0,US,MO,0,0,2020-04-04 16:02:00.462
2020-04-02,Cooper,Missouri,29053,2,0,US,MO,0,0,2020-04-04 16:02:00.462
2020-04-03,Cooper,Missouri,29053,2,0,US,MO,0,0,2020-04-04 16:02:00.462
2020-03-30,Crawford,Missouri,29055,1,0,US,MO,0,0,2020-04-04 16:02:00.462
2020-03-31,Crawford,Missouri,29055,1,0,US,MO,0,0,2020-04-04 16:02:00.462
2020-04-01,Crawford,Missouri,29055,1,0,US,MO,0,0,2020-04-04 16:02:00.462
2020-04-02,Crawford,Missouri,29055,1,0,US,MO,0,0,2020-04-04 16:02:00.462
2020-04-03,Crawford,Missouri,29055,1,0,US,MO,0,0,2020-04-04 16:02:00.462
2020-04-01,DeKalb,Missouri,29063,1,0,US,MO,0,0,2020-04-04 16:02:00.462
2020-04-02,DeKalb,Missouri,29063,1,0,US,MO,0,0,2020-04-04 16:02:00.462
2020-04-03,DeKalb,Missouri,29063,1,0,US,MO,0,0,2020-04-04 16:02:00.462
2020-03-20,Dunklin,Missouri,29069,1,0,US,MO,0,0,2020-04-04 16:02:00.462
2020-03-21,Dunklin,Missouri,29069,1,0,US,MO,0,0,2020-04-04 16:02:00.462
2020-03-22,Dunklin,Missouri,29069,1,0,US,MO,0,0,2020-04-04 16:02:00.462
2020-03-23,Dunklin,Missouri,29069,1,0,US,MO,0,0,2020-04-04 16:02:00.462
2020-03-24,Dunklin,Missouri,29069,1,0,US,MO,0,0,2020-04-04 16:02:00.462
2020-03-25,Dunklin,Missouri,29069,1,0,US,MO,0,0,2020-04-04 16:02:00.462
2020-03-26,Dunklin,Missouri,29069,2,0,US,MO,1,0,2020-04-04 16:02:00.462
2020-03-27,Dunklin,Missouri,29069,3,0,US,MO,1,0,2020-04-04 16:02:00.462
2020-03-28,Dunklin,Missouri,29069,3,0,US,MO,0,0,2020-04-04 16:02:00.462
2020-03-29,Dunklin,Missouri,29069,3,0,US,MO,0,0,2020-04-04 16:02:00.462
2020-03-30,Dunklin,Missouri,29069,6,0,US,MO,3,0,2020-04-04 16:02:00.462
2020-03-31,Dunklin,Missouri,29069,5,0,US,MO,-1,0,2020-04-04 16:02:00.462
2020-04-01,Dunklin,Missouri,29069,5,0,US,MO,0,0,2020-04-04 16:02:00.462
2020-04-02,Dunklin,Missouri,29069,6,0,US,MO,1,0,2020-04-04 16:02:00.462
2020-04-03,Dunklin,Missouri,29069,7,0,US,MO,1,0,2020-04-04 16:02:00.462
2020-03-24,Franklin,Missouri,29071,1,0,US,MO,0,0,2020-04-04 16:02:00.462
2020-03-25,Franklin,Missouri,29071,3,0,US,MO,2,0,2020-04-04 16:02:00.462
2020-03-26,Franklin,Missouri,29071,4,0,US,MO,1,0,2020-04-04 16:02:00.462
2020-03-27,Franklin,Missouri,29071,4,0,US,MO,0,0,2020-04-04 16:02:00.462
2020-03-28,Franklin,Missouri,29071,6,0,US,MO,2,0,2020-04-04 16:02:00.462
2020-03-29,Franklin,Missouri,29071,7,0,US,MO,1,0,2020-04-04 16:02:00.462
2020-03-30,Franklin,Missouri,29071,7,0,US,MO,0,0,2020-04-04 16:02:00.462
2020-03-31,Franklin,Missouri,29071,13,0,US,MO,6,0,2020-04-04 16:02:00.462
2020-04-01,Franklin,Missouri,29071,16,0,US,MO,3,0,2020-04-04 16:02:00.462
2020-04-02,Franklin,Missouri,29071,19,0,US,MO,3,0,2020-04-04 16:02:00.462
2020-04-03,Franklin,Missouri,29071,23,0,US,MO,4,0,2020-04-04 16:02:00.462
2020-04-01,Gasconade,Missouri,29073,1,0,US,MO,0,0,2020-04-04 16:02:00.462
2020-04-02,Gasconade,Missouri,29073,1,0,US,MO,0,0,2020-04-04 16:02:00.462
2020-04-03,Gasconade,Missouri,29073,1,0,US,MO,0,0,2020-04-04 16:02:00.462
2020-03-12,Greene,Missouri,29077,1,0,US,MO,0,0,2020-04-04 16:02:00.462
2020-03-13,Greene,Missouri,29077,1,0,US,MO,0,0,2020-04-04 16:02:00.462
2020-03-14,Greene,Missouri,29077,2,0,US,MO,1,0,2020-04-04 16:02:00.462
2020-03-15,Greene,Missouri,29077,2,0,US,MO,0,0,2020-04-04 16:02:00.462
2020-03-16,Greene,Missouri,29077,3,0,US,MO,1,0,2020-04-04 16:02:00.462
2020-03-17,Greene,Missouri,29077,4,0,US,MO,1,0,2020-04-04 16:02:00.462
2020-03-18,Greene,Missouri,29077,4,0,US,MO,0,0,2020-04-04 16:02:00.462
2020-03-19,Greene,Missouri,29077,6,0,US,MO,2,0,2020-04-04 16:02:00.462
2020-03-20,Greene,Missouri,29077,8,0,US,MO,2,0,2020-04-04 16:02:00.462
2020-03-21,Greene,Missouri,29077,10,0,US,MO,2,0,2020-04-04 16:02:00.462
2020-03-22,Greene,Missouri,29077,10,0,US,MO,0,0,2020-04-04 16:02:00.462
2020-03-23,Greene,Missouri,29077,17,0,US,MO,7,0,2020-04-04 16:02:00.462
2020-03-24,Greene,Missouri,29077,19,1,US,MO,2,1,2020-04-04 16:02:00.462
2020-03-25,Greene,Missouri,29077,23,3,US,MO,4,2,2020-04-04 16:02:00.462
2020-03-26,Greene,Missouri,29077,25,3,US,MO,2,0,2020-04-04 16:02:00.462
2020-03-27,Greene,Missouri,29077,31,3,US,MO,6,0,2020-04-04 16:02:00.462
2020-03-28,Greene,Missouri,29077,41,3,US,MO,10,0,2020-04-04 16:02:00.462
2020-03-29,Greene,Missouri,29077,41,3,US,MO,0,0,2020-04-04 16:02:00.462
2020-03-30,Greene,Missouri,29077,38,3,US,MO,-3,0,2020-04-04 16:02:00.462
2020-03-31,Greene,Missouri,29077,49,3,US,MO,11,0,2020-04-04 16:02:00.462
2020-04-01,Greene,Missouri,29077,51,6,US,MO,2,3,2020-04-04 16:02:00.462
2020-04-02,Greene,Missouri,29077,54,6,US,MO,3,0,2020-04-04 16:02:00.462
2020-04-03,Greene,Missouri,29077,60,7,US,MO,6,1,2020-04-04 16:02:00.462
2020-03-31,Harrison,Missouri,29081,1,0,US,MO,0,0,2020-04-04 16:02:00.462
2020-04-01,Harrison,Missouri,29081,1,0,US,MO,0,0,2020-04-04 16:02:00.462
2020-04-02,Harrison,Missouri,29081,2,0,US,MO,1,0,2020-04-04 16:02:00.462
2020-04-03,Harrison,Missouri,29081,2,0,US,MO,0,0,2020-04-04 16:02:00.462
2020-03-13,Henry,Missouri,29083,1,0,US,MO,0,0,2020-04-04 16:02:00.462
2020-03-14,Henry,Missouri,29083,1,0,US,MO,0,0,2020-04-04 16:02:00.462
2020-03-15,Henry,Missouri,29083,1,0,US,MO,0,0,2020-04-04 16:02:00.462
2020-03-16,Henry,Missouri,29083,1,0,US,MO,0,0,2020-04-04 16:02:00.462
2020-03-17,Henry,Missouri,29083,1,0,US,MO,0,0,2020-04-04 16:02:00.462
2020-03-18,Henry,Missouri,29083,1,0,US,MO,0,0,2020-04-04 16:02:00.462
2020-03-19,Henry,Missouri,29083,1,0,US,MO,0,0,2020-04-04 16:02:00.462
2020-03-20,Henry,Missouri,29083,1,0,US,MO,0,0,2020-04-04 16:02:00.462
2020-03-21,Henry,Missouri,29083,1,0,US,MO,0,0,2020-04-04 16:02:00.462
2020-03-22,Henry,Missouri,29083,1,0,US,MO,0,0,2020-04-04 16:02:00.462
2020-03-23,Henry,Missouri,29083,1,0,US,MO,0,0,2020-04-04 16:02:00.462
2020-03-24,Henry,Missouri,29083,1,0,US,MO,0,0,2020-04-04 16:02:00.462
2020-03-25,Henry,Missouri,29083,1,0,US,MO,0,0,2020-04-04 16:02:00.462
2020-03-26,Henry,Missouri,29083,1,0,US,MO,0,0,2020-04-04 16:02:00.462
2020-03-27,Henry,Missouri,29083,1,0,US,MO,0,0,2020-04-04 16:02:00.462
2020-03-28,Henry,Missouri,29083,1,0,US,MO,0,0,2020-04-04 16:02:00.462
2020-03-29,Henry,Missouri,29083,1,1,US,MO,0,1,2020-04-04 16:02:00.462
2020-03-30,Henry,Missouri,29083,1,1,US,MO,0,0,2020-04-04 16:02:00.462
2020-03-31,Henry,Missouri,29083,1,1,US,MO,0,0,2020-04-04 16:02:00.462
2020-04-01,Henry,Missouri,29083,1,1,US,MO,0,0,2020-04-04 16:02:00.462
2020-04-02,Henry,Missouri,29083,1,1,US,MO,0,0,2020-04-04 16:02:00.462
2020-04-03,Henry,Missouri,29083,1,1,US,MO,0,0,2020-04-04 16:02:00.462
2020-04-02,Howell,Missouri,29091,1,0,US,MO,0,0,2020-04-04 16:02:00.462
2020-04-03,Howell,Missouri,29091,1,0,US,MO,0,0,2020-04-04 16:02:00.462
2020-03-17,Jackson,Missouri,29095,2,0,US,MO,0,0,2020-04-04 16:02:00.462
2020-03-18,Jackson,Missouri,29095,3,0,US,MO,1,0,2020-04-04 16:02:00.462
2020-03-19,Jackson,Missouri,29095,3,0,US,MO,0,0,2020-04-04 16:02:00.462
2020-03-20,Jackson,Missouri,29095,5,1,US,MO,2,1,2020-04-04 16:02:00.462
2020-03-21,Jackson,Missouri,29095,5,1,US,MO,0,0,2020-04-04 16:02:00.462
2020-03-22,Jackson,Missouri,29095,5,1,US,MO,0,0,2020-04-04 16:02:00.462
2020-03-23,Jackson,Missouri,29095,10,1,US,MO,5,0,2020-04-04 16:02:00.462
2020-03-24,Jackson,Missouri,29095,14,1,US,MO,4,0,2020-04-04 16:02:00.462
2020-03-25,Jackson,Missouri,29095,17,1,US,MO,3,0,2020-04-04 16:02:00.462
2020-03-26,Jackson,Missouri,29095,31,1,US,MO,14,0,2020-04-04 16:02:00.462
2020-03-27,Jackson,Missouri,29095,41,1,US,MO,10,0,2020-04-04 16:02:00.462
2020-03-28,Jackson,Missouri,29095,43,1,US,MO,2,0,2020-04-04 16:02:00.462
2020-03-29,Jackson,Missouri,29095,48,1,US,MO,5,0,2020-04-04 16:02:00.462
2020-03-30,Jackson,Missouri,29095,56,1,US,MO,8,0,2020-04-04 16:02:00.462
2020-03-31,Jackson,Missouri,29095,77,1,US,MO,21,0,2020-04-04 16:02:00.462
2020-04-01,Jackson,Missouri,29095,86,2,US,MO,9,1,2020-04-04 16:02:00.462
2020-04-02,Jackson,Missouri,29095,103,2,US,MO,17,0,2020-04-04 16:02:00.462
2020-04-03,Jackson,Missouri,29095,120,3,US,MO,17,1,2020-04-04 16:02:00.462
2020-03-21,Jasper,Missouri,29097,1,0,US,MO,0,0,2020-04-04 16:02:00.462
2020-03-22,Jasper,Missouri,29097,1,0,US,MO,0,0,2020-04-04 16:02:00.462
2020-03-23,Jasper,Missouri,29097,1,0,US,MO,0,0,2020-04-04 16:02:00.462
2020-03-24,Jasper,Missouri,29097,1,0,US,MO,0,0,2020-04-04 16:02:00.462
2020-03-25,Jasper,Missouri,29097,2,0,US,MO,1,0,2020-04-04 16:02:00.462
2020-03-26,Jasper,Missouri,29097,2,0,US,MO,0,0,2020-04-04 16:02:00.462
2020-03-27,Jasper,Missouri,29097,2,0,US,MO,0,0,2020-04-04 16:02:00.462
2020-03-28,Jasper,Missouri,29097,2,0,US,MO,0,0,2020-04-04 16:02:00.462
2020-03-29,Jasper,Missouri,29097,2,0,US,MO,0,0,2020-04-04 16:02:00.462
2020-03-30,Jasper,Missouri,29097,4,0,US,MO,2,0,2020-04-04 16:02:00.462
2020-03-31,Jasper,Missouri,29097,4,0,US,MO,0,0,2020-04-04 16:02:00.462
2020-04-01,Jasper,Missouri,29097,5,0,US,MO,1,0,2020-04-04 16:02:00.462
2020-04-02,Jasper,Missouri,29097,5,0,US,MO,0,0,2020-04-04 16:02:00.462
2020-04-03,Jasper,Missouri,29097,8,0,US,MO,3,0,2020-04-04 16:02:00.462
2020-03-24,Jefferson,Missouri,29099,4,0,US,MO,0,0,2020-04-04 16:02:00.462
2020-03-25,Jefferson,Missouri,29099,5,0,US,MO,1,0,2020-04-04 16:02:00.462
2020-03-26,Jefferson,Missouri,29099,10,0,US,MO,5,0,2020-04-04 16:02:00.462
2020-03-27,Jefferson,Missouri,29099,15,0,US,MO,5,0,2020-04-04 16:02:00.462
2020-03-28,Jefferson,Missouri,29099,17,0,US,MO,2,0,2020-04-04 16:02:00.462
2020-03-29,Jefferson,Missouri,29099,17,0,US,MO,0,0,2020-04-04 16:02:00.462
2020-03-30,Jefferson,Missouri,29099,18,0,US,MO,1,0,2020-04-04 16:02:00.462
2020-03-31,Jefferson,Missouri,29099,30,0,US,MO,12,0,2020-04-04 16:02:00.462
2020-04-01,Jefferson,Missouri,29099,38,0,US,MO,8,0,2020-04-04 16:02:00.462
2020-04-02,Jefferson,Missouri,29099,47,1,US,MO,9,1,2020-04-04 16:02:00.462
2020-04-03,Jefferson,Missouri,29099,62,1,US,MO,15,0,2020-04-04 16:02:00.462
2020-03-21,Johnson,Missouri,29101,1,0,US,MO,0,0,2020-04-04 16:02:00.462
2020-03-22,Johnson,Missouri,29101,1,0,US,MO,0,0,2020-04-04 16:02:00.462
2020-03-23,Johnson,Missouri,29101,1,0,US,MO,0,0,2020-04-04 16:02:00.462
2020-03-24,Johnson,Missouri,29101,1,0,US,MO,0,0,2020-04-04 16:02:00.462
2020-03-25,Johnson,Missouri,29101,2,0,US,MO,1,0,2020-04-04 16:02:00.462
2020-03-26,Johnson,Missouri,29101,8,0,US,MO,6,0,2020-04-04 16:02:00.462
2020-03-27,Johnson,Missouri,29101,8,0,US,MO,0,0,2020-04-04 16:02:00.462
2020-03-28,Johnson,Missouri,29101,9,0,US,MO,1,0,2020-04-04 16:02:00.462
2020-03-29,Johnson,Missouri,29101,9,0,US,MO,0,0,2020-04-04 16:02:00.462
2020-03-30,Johnson,Missouri,29101,9,0,US,MO,0,0,2020-04-04 16:02:00.462
2020-03-31,Johnson,Missouri,29101,10,0,US,MO,1,0,2020-04-04 16:02:00.462
2020-04-01,Johnson,Missouri,29101,14,0,US,MO,4,0,2020-04-04 16:02:00.462
2020-04-02,Johnson,Missouri,29101,26,0,US,MO,12,0,2020-04-04 16:02:00.462
2020-04-03,Johnson,Missouri,29101,28,0,US,MO,2,0,2020-04-04 16:02:00.462
2020-03-20,Kansas City,Missouri,,12,0,US,MO,0,0,2020-04-04 16:02:00.462
2020-03-21,Kansas City,Missouri,,13,0,US,MO,1,0,2020-04-04 16:02:00.462
2020-03-22,Kansas City,Missouri,,13,0,US,MO,0,0,2020-04-04 16:02:00.462
2020-03-23,Kansas City,Missouri,,18,0,US,MO,5,0,2020-04-04 16:02:00.462
2020-03-24,Kansas City,Missouri,,30,0,US,MO,12,0,2020-04-04 16:02:00.462
2020-03-25,Kansas City,Missouri,,51,0,US,MO,21,0,2020-04-04 16:02:00.462
2020-03-26,Kansas City,Missouri,,64,0,US,MO,13,0,2020-04-04 16:02:00.462
2020-03-27,Kansas City,Missouri,,78,0,US,MO,14,0,2020-04-04 16:02:00.462
2020-03-28,Kansas City,Missouri,,94,0,US,MO,16,0,2020-04-04 16:02:00.462
2020-03-29,Kansas City,Missouri,,102,0,US,MO,8,0,2020-04-04 16:02:00.462
2020-03-30,Kansas City,Missouri,,100,0,US,MO,-2,0,2020-04-04 16:02:00.462
2020-03-31,Kansas City,Missouri,,119,0,US,MO,19,0,2020-04-04 16:02:00.462
2020-04-01,Kansas City,Missouri,,128,0,US,MO,9,0,2020-04-04 16:02:00.462
2020-04-02,Kansas City,Missouri,,139,1,US,MO,11,1,2020-04-04 16:02:00.462
2020-04-03,Kansas City,Missouri,,153,1,US,MO,14,0,2020-04-04 16:02:00.462
2020-03-23,Lafayette,Missouri,29107,1,0,US,MO,0,0,2020-04-04 16:02:00.462
2020-03-24,Lafayette,Missouri,29107,1,0,US,MO,0,0,2020-04-04 16:02:00.462
2020-03-25,Lafayette,Missouri,29107,2,0,US,MO,1,0,2020-04-04 16:02:00.462
2020-03-26,Lafayette,Missouri,29107,2,0,US,MO,0,0,2020-04-04 16:02:00.462
2020-03-27,Lafayette,Missouri,29107,4,0,US,MO,2,0,2020-04-04 16:02:00.462
2020-03-28,Lafayette,Missouri,29107,4,0,US,MO,0,0,2020-04-04 16:02:00.462
2020-03-29,Lafayette,Missouri,29107,4,0,US,MO,0,0,2020-04-04 16:02:00.462
2020-03-30,Lafayette,Missouri,29107,17,1,US,MO,13,1,2020-04-04 16:02:00.462
2020-03-31,Lafayette,Missouri,29107,19,1,US,MO,2,0,2020-04-04 16:02:00.462
2020-04-01,Lafayette,Missouri,29107,20,1,US,MO,1,0,2020-04-04 16:02:00.462
2020-04-02,Lafayette,Missouri,29107,20,1,US,MO,0,0,2020-04-04 16:02:00.462
2020-04-03,Lafayette,Missouri,29107,20,1,US,MO,0,0,2020-04-04 16:02:00.462
2020-03-27,Lincoln,Missouri,29113,2,0,US,MO,0,0,2020-04-04 16:02:00.462
2020-03-28,Lincoln,Missouri,29113,2,0,US,MO,0,0,2020-04-04 16:02:00.462
2020-03-29,Lincoln,Missouri,29113,2,0,US,MO,0,0,2020-04-04 16:02:00.462
2020-03-30,Lincoln,Missouri,29113,5,0,US,MO,3,0,2020-04-04 16:02:00.462
2020-03-31,Lincoln,Missouri,29113,7,0,US,MO,2,0,2020-04-04 16:02:00.462
2020-04-01,Lincoln,Missouri,29113,10,0,US,MO,3,0,2020-04-04 16:02:00.462
2020-04-02,Lincoln,Missouri,29113,12,0,US,MO,2,0,2020-04-04 16:02:00.462
2020-04-03,Lincoln,Missouri,29113,16,0,US,MO,4,0,2020-04-04 16:02:00.462
2020-04-03,Linn,Missouri,29115,1,0,US,MO,0,0,2020-04-04 16:02:00.462
2020-03-30,Livingston,Missouri,29117,1,0,US,MO,0,0,2020-04-04 16:02:00.462
2020-03-31,Livingston,Missouri,29117,1,0,US,MO,0,0,2020-04-04 16:02:00.462
2020-04-01,Livingston,Missouri,29117,1,0,US,MO,0,0,2020-04-04 16:02:00.462
2020-04-02,Livingston,Missouri,29117,1,0,US,MO,0,0,2020-04-04 16:02:00.462
2020-04-03,Livingston,Missouri,29117,1,0,US,MO,0,0,2020-04-04 16:02:00.462
2020-03-30,Macon,Missouri,29121,1,0,US,MO,0,0,2020-04-04 16:02:00.462
2020-03-31,Macon,Missouri,29121,3,0,US,MO,2,0,2020-04-04 16:02:00.462
2020-04-01,Macon,Missouri,29121,3,0,US,MO,0,0,2020-04-04 16:02:00.462
2020-04-02,Macon,Missouri,29121,3,0,US,MO,0,0,2020-04-04 16:02:00.462
2020-04-03,Macon,Missouri,29121,2,0,US,MO,-1,0,2020-04-04 16:02:00.462
2020-03-30,Maries,Missouri,29125,1,0,US,MO,0,0,2020-04-04 16:02:00.462
2020-03-31,Maries,Missouri,29125,1,0,US,MO,0,0,2020-04-04 16:02:00.462
2020-04-01,Maries,Missouri,29125,2,0,US,MO,1,0,2020-04-04 16:02:00.462
2020-04-02,Maries,Missouri,29125,2,0,US,MO,0,0,2020-04-04 16:02:00.462
2020-04-03,Maries,Missouri,29125,2,0,US,MO,0,0,2020-04-04 16:02:00.462
2020-03-31,Marion,Missouri,29127,1,0,US,MO,0,0,2020-04-04 16:02:00.462
2020-04-01,Marion,Missouri,29127,1,0,US,MO,0,0,2020-04-04 16:02:00.462
2020-03-25,McDonald,Missouri,29119,1,0,US,MO,0,0,2020-04-04 16:02:00.462
2020-03-26,McDonald,Missouri,29119,1,0,US,MO,0,0,2020-04-04 16:02:00.462
2020-03-27,McDonald,Missouri,29119,1,0,US,MO,0,0,2020-04-04 16:02:00.462
2020-03-28,McDonald,Missouri,29119,1,0,US,MO,0,0,2020-04-04 16:02:00.462
2020-03-29,McDonald,Missouri,29119,1,0,US,MO,0,0,2020-04-04 16:02:00.462
2020-03-30,McDonald,Missouri,29119,2,0,US,MO,1,0,2020-04-04 16:02:00.462
2020-03-31,McDonald,Missouri,29119,2,0,US,MO,0,0,2020-04-04 16:02:00.462
2020-04-01,McDonald,Missouri,29119,2,0,US,MO,0,0,2020-04-04 16:02:00.462
2020-04-02,McDonald,Missouri,29119,2,0,US,MO,0,0,2020-04-04 16:02:00.462
2020-04-03,McDonald,Missouri,29119,2,0,US,MO,0,0,2020-04-04 16:02:00.462
2020-03-23,Moniteau,Missouri,29135,1,0,US,MO,0,0,2020-04-04 16:02:00.462
2020-03-24,Moniteau,Missouri,29135,1,0,US,MO,0,0,2020-04-04 16:02:00.462
2020-03-25,Moniteau,Missouri,29135,2,0,US,MO,1,0,2020-04-04 16:02:00.462
2020-03-26,Moniteau,Missouri,29135,2,0,US,MO,0,0,2020-04-04 16:02:00.462
2020-03-27,Moniteau,Missouri,29135,2,0,US,MO,0,0,2020-04-04 16:02:00.462
2020-03-28,Moniteau,Missouri,29135,3,0,US,MO,1,0,2020-04-04 16:02:00.462
2020-03-29,Moniteau,Missouri,29135,4,0,US,MO,1,0,2020-04-04 16:02:00.462
2020-03-30,Moniteau,Missouri,29135,2,0,US,MO,-2,0,2020-04-04 16:02:00.462
2020-03-31,Moniteau,Missouri,29135,2,0,US,MO,0,0,2020-04-04 16:02:00.462
2020-04-01,Moniteau,Missouri,29135,2,0,US,MO,0,0,2020-04-04 16:02:00.462
2020-04-02,Moniteau,Missouri,29135,2,0,US,MO,0,0,2020-04-04 16:02:00.462
2020-04-03,Moniteau,Missouri,29135,2,0,US,MO,0,0,2020-04-04 16:02:00.462
2020-03-25,Montgomery,Missouri,29139,1,0,US,MO,0,0,2020-04-04 16:02:00.462
2020-03-26,Montgomery,Missouri,29139,2,0,US,MO,1,0,2020-04-04 16:02:00.462
2020-03-27,Montgomery,Missouri,29139,3,0,US,MO,1,0,2020-04-04 16:02:00.462
2020-03-28,Montgomery,Missouri,29139,3,0,US,MO,0,0,2020-04-04 16:02:00.462
2020-03-29,Montgomery,Missouri,29139,3,0,US,MO,0,0,2020-04-04 16:02:00.462
2020-03-30,Montgomery,Missouri,29139,2,0,US,MO,-1,0,2020-04-04 16:02:00.462
2020-03-31,Montgomery,Missouri,29139,2,0,US,MO,0,0,2020-04-04 16:02:00.462
2020-04-01,Montgomery,Missouri,29139,2,0,US,MO,0,0,2020-04-04 16:02:00.462
2020-04-02,Montgomery,Missouri,29139,2,0,US,MO,0,0,2020-04-04 16:02:00.462
2020-04-03,Montgomery,Missouri,29139,3,0,US,MO,1,0,2020-04-04 16:02:00.462
2020-03-30,Morgan,Missouri,29141,1,0,US,MO,0,0,2020-04-04 16:02:00.462
2020-03-31,Morgan,Missouri,29141,1,0,US,MO,0,0,2020-04-04 16:02:00.462
2020-04-01,Morgan,Missouri,29141,1,0,US,MO,0,0,2020-04-04 16:02:00.462
2020-04-02,Morgan,Missouri,29141,1,0,US,MO,0,0,2020-04-04 16:02:00.462
2020-04-03,Morgan,Missouri,29141,1,0,US,MO,0,0,2020-04-04 16:02:00.462
2020-04-02,New Madrid,Missouri,29143,1,0,US,MO,0,0,2020-04-04 16:02:00.462
2020-04-03,New Madrid,Missouri,29143,1,0,US,MO,0,0,2020-04-04 16:02:00.462
2020-03-25,Newton,Missouri,29145,1,0,US,MO,0,0,2020-04-04 16:02:00.462
2020-03-26,Newton,Missouri,29145,3,0,US,MO,2,0,2020-04-04 16:02:00.462
2020-03-27,Newton,Missouri,29145,3,0,US,MO,0,0,2020-04-04 16:02:00.462
2020-03-28,Newton,Missouri,29145,4,0,US,MO,1,0,2020-04-04 16:02:00.462
2020-03-29,Newton,Missouri,29145,4,0,US,MO,0,0,2020-04-04 16:02:00.462
2020-03-30,Newton,Missouri,29145,4,0,US,MO,0,0,2020-04-04 16:02:00.462
2020-03-31,Newton,Missouri,29145,5,0,US,MO,1,0,2020-04-04 16:02:00.462
2020-04-01,Newton,Missouri,29145,5,0,US,MO,0,0,2020-04-04 16:02:00.462
2020-04-02,Newton,Missouri,29145,6,0,US,MO,1,0,2020-04-04 16:02:00.462
2020-04-03,Newton,Missouri,29145,6,0,US,MO,0,0,2020-04-04 16:02:00.462
2020-03-30,Osage,Missouri,29151,1,0,US,MO,0,0,2020-04-04 16:02:00.462
2020-03-31,Osage,Missouri,29151,1,0,US,MO,0,0,2020-04-04 16:02:00.462
2020-04-01,Osage,Missouri,29151,2,0,US,MO,1,0,2020-04-04 16:02:00.462
2020-04-02,Osage,Missouri,29151,2,0,US,MO,0,0,2020-04-04 16:02:00.462
2020-04-03,Osage,Missouri,29151,2,0,US,MO,0,0,2020-04-04 16:02:00.462
2020-03-24,Pemiscot,Missouri,29155,1,0,US,MO,0,0,2020-04-04 16:02:00.462
2020-03-25,Pemiscot,Missouri,29155,1,0,US,MO,0,0,2020-04-04 16:02:00.462
2020-03-26,Pemiscot,Missouri,29155,1,0,US,MO,0,0,2020-04-04 16:02:00.462
2020-03-27,Pemiscot,Missouri,29155,1,0,US,MO,0,0,2020-04-04 16:02:00.462
2020-03-28,Pemiscot,Missouri,29155,1,0,US,MO,0,0,2020-04-04 16:02:00.462
2020-03-29,Pemiscot,Missouri,29155,1,0,US,MO,0,0,2020-04-04 16:02:00.462
2020-03-30,Pemiscot,Missouri,29155,2,0,US,MO,1,0,2020-04-04 16:02:00.462
2020-03-31,Pemiscot,Missouri,29155,2,0,US,MO,0,0,2020-04-04 16:02:00.462
2020-04-01,Pemiscot,Missouri,29155,2,0,US,MO,0,0,2020-04-04 16:02:00.462
2020-04-02,Pemiscot,Missouri,29155,3,0,US,MO,1,0,2020-04-04 16:02:00.462
2020-04-03,Pemiscot,Missouri,29155,3,0,US,MO,0,0,2020-04-04 16:02:00.462
2020-03-23,Perry,Missouri,29157,1,0,US,MO,0,0,2020-04-04 16:02:00.462
2020-03-24,Perry,Missouri,29157,2,0,US,MO,1,0,2020-04-04 16:02:00.462
2020-03-25,Perry,Missouri,29157,2,0,US,MO,0,0,2020-04-04 16:02:00.462
2020-03-26,Perry,Missouri,29157,4,0,US,MO,2,0,2020-04-04 16:02:00.462
2020-03-27,Perry,Missouri,29157,6,0,US,MO,2,0,2020-04-04 16:02:00.462
2020-03-28,Perry,Missouri,29157,7,0,US,MO,1,0,2020-04-04 16:02:00.462
2020-03-29,Perry,Missouri,29157,7,0,US,MO,0,0,2020-04-04 16:02:00.462
2020-03-30,Perry,Missouri,29157,12,0,US,MO,5,0,2020-04-04 16:02:00.462
2020-03-31,Perry,Missouri,29157,14,0,US,MO,2,0,2020-04-04 16:02:00.462
2020-04-01,Perry,Missouri,29157,18,0,US,MO,4,0,2020-04-04 16:02:00.462
2020-04-02,Perry,Missouri,29157,19,0,US,MO,1,0,2020-04-04 16:02:00.462
2020-04-03,Perry,Missouri,29157,21,0,US,MO,2,0,2020-04-04 16:02:00.462
2020-03-27,Pettis,Missouri,29159,1,0,US,MO,0,0,2020-04-04 16:02:00.462
2020-03-28,Pettis,Missouri,29159,1,0,US,MO,0,0,2020-04-04 16:02:00.462
2020-03-29,Pettis,Missouri,29159,1,0,US,MO,0,0,2020-04-04 16:02:00.462
2020-03-30,Pettis,Missouri,29159,1,0,US,MO,0,0,2020-04-04 16:02:00.462
2020-03-31,Pettis,Missouri,29159,1,0,US,MO,0,0,2020-04-04 16:02:00.462
2020-04-01,Pettis,Missouri,29159,1,0,US,MO,0,0,2020-04-04 16:02:00.462
2020-04-02,Pettis,Missouri,29159,1,0,US,MO,0,0,2020-04-04 16:02:00.462
2020-04-03,Pettis,Missouri,29159,2,0,US,MO,1,0,2020-04-04 16:02:00.462
2020-03-30,Pike,Missouri,29163,1,0,US,MO,0,0,2020-04-04 16:02:00.462
2020-03-31,Pike,Missouri,29163,1,0,US,MO,0,0,2020-04-04 16:02:00.462
2020-04-01,Pike,Missouri,29163,1,0,US,MO,0,0,2020-04-04 16:02:00.462
2020-04-02,Pike,Missouri,29163,1,0,US,MO,0,0,2020-04-04 16:02:00.462
2020-04-03,Pike,Missouri,29163,2,0,US,MO,1,0,2020-04-04 16:02:00.462
2020-03-25,Platte,Missouri,29165,2,0,US,MO,0,0,2020-04-04 16:02:00.462
2020-03-26,Platte,Missouri,29165,5,0,US,MO,3,0,2020-04-04 16:02:00.462
2020-03-27,Platte,Missouri,29165,5,0,US,MO,0,0,2020-04-04 16:02:00.462
2020-03-28,Platte,Missouri,29165,6,0,US,MO,1,0,2020-04-04 16:02:00.462
2020-03-29,Platte,Missouri,29165,6,0,US,MO,0,0,2020-04-04 16:02:00.462
2020-03-30,Platte,Missouri,29165,7,0,US,MO,1,0,2020-04-04 16:02:00.462
2020-03-31,Platte,Missouri,29165,9,0,US,MO,2,0,2020-04-04 16:02:00.462
2020-04-01,Platte,Missouri,29165,12,0,US,MO,3,0,2020-04-04 16:02:00.462
2020-04-02,Platte,Missouri,29165,13,0,US,MO,1,0,2020-04-04 16:02:00.462
2020-04-03,Platte,Missouri,29165,13,0,US,MO,0,0,2020-04-04 16:02:00.462
2020-03-20,Pulaski,Missouri,29169,1,0,US,MO,0,0,2020-04-04 16:02:00.462
2020-03-21,Pulaski,Missouri,29169,1,0,US,MO,0,0,2020-04-04 16:02:00.462
2020-03-22,Pulaski,Missouri,29169,1,0,US,MO,0,0,2020-04-04 16:02:00.462
2020-03-23,Pulaski,Missouri,29169,1,0,US,MO,0,0,2020-04-04 16:02:00.462
2020-03-24,Pulaski,Missouri,29169,4,0,US,MO,3,0,2020-04-04 16:02:00.462
2020-03-25,Pulaski,Missouri,29169,4,0,US,MO,0,0,2020-04-04 16:02:00.462
2020-03-26,Pulaski,Missouri,29169,4,0,US,MO,0,0,2020-04-04 16:02:00.462
2020-03-27,Pulaski,Missouri,29169,4,0,US,MO,0,0,2020-04-04 16:02:00.462
2020-03-28,Pulaski,Missouri,29169,5,0,US,MO,1,0,2020-04-04 16:02:00.462
2020-03-29,Pulaski,Missouri,29169,5,0,US,MO,0,0,2020-04-04 16:02:00.462
2020-03-30,Pulaski,Missouri,29169,6,0,US,MO,1,0,2020-04-04 16:02:00.462
2020-03-31,Pulaski,Missouri,29169,7,0,US,MO,1,0,2020-04-04 16:02:00.462
2020-04-01,Pulaski,Missouri,29169,8,1,US,MO,1,1,2020-04-04 16:02:00.462
2020-04-02,Pulaski,Missouri,29169,8,1,US,MO,0,0,2020-04-04 16:02:00.462
2020-04-03,Pulaski,Missouri,29169,10,1,US,MO,2,0,2020-04-04 16:02:00.462
2020-03-25,Ralls,Missouri,29173,1,0,US,MO,0,0,2020-04-04 16:02:00.462
2020-03-26,Ralls,Missouri,29173,1,0,US,MO,0,0,2020-04-04 16:02:00.462
2020-03-27,Ralls,Missouri,29173,1,0,US,MO,0,0,2020-04-04 16:02:00.462
2020-03-28,Ralls,Missouri,29173,1,0,US,MO,0,0,2020-04-04 16:02:00.462
2020-03-29,Ralls,Missouri,29173,1,0,US,MO,0,0,2020-04-04 16:02:00.462
2020-03-30,Ralls,Missouri,29173,1,0,US,MO,0,0,2020-04-04 16:02:00.462
2020-03-31,Ralls,Missouri,29173,1,0,US,MO,0,0,2020-04-04 16:02:00.462
2020-04-01,Ralls,Missouri,29173,1,0,US,MO,0,0,2020-04-04 16:02:00.462
2020-04-02,Ralls,Missouri,29173,1,0,US,MO,0,0,2020-04-04 16:02:00.462
2020-04-03,Ralls,Missouri,29173,1,0,US,MO,0,0,2020-04-04 16:02:00.462
2020-03-25,Randolph,Missouri,29175,1,0,US,MO,0,0,2020-04-04 16:02:00.462
2020-03-26,Randolph,Missouri,29175,1,0,US,MO,0,0,2020-04-04 16:02:00.462
2020-03-27,Randolph,Missouri,29175,1,0,US,MO,0,0,2020-04-04 16:02:00.462
2020-03-28,Randolph,Missouri,29175,1,0,US,MO,0,0,2020-04-04 16:02:00.462
2020-03-29,Randolph,Missouri,29175,1,0,US,MO,0,0,2020-04-04 16:02:00.462
2020-03-30,Randolph,Missouri,29175,1,0,US,MO,0,0,2020-04-04 16:02:00.462
2020-03-31,Randolph,Missouri,29175,2,0,US,MO,1,0,2020-04-04 16:02:00.462
2020-04-01,Randolph,Missouri,29175,2,0,US,MO,0,0,2020-04-04 16:02:00.462
2020-04-02,Randolph,Missouri,29175,2,0,US,MO,0,0,2020-04-04 16:02:00.462
2020-04-03,Randolph,Missouri,29175,4,0,US,MO,2,0,2020-04-04 16:02:00.462
2020-03-27,Ray,Missouri,29177,1,0,US,MO,0,0,2020-04-04 16:02:00.462
2020-03-28,Ray,Missouri,29177,1,0,US,MO,0,0,2020-04-04 16:02:00.462
2020-03-29,Ray,Missouri,29177,1,0,US,MO,0,0,2020-04-04 16:02:00.462
2020-03-30,Ray,Missouri,29177,1,0,US,MO,0,0,2020-04-04 16:02:00.462
2020-03-31,Ray,Missouri,29177,1,0,US,MO,0,0,2020-04-04 16:02:00.462
2020-04-01,Ray,Missouri,29177,1,0,US,MO,0,0,2020-04-04 16:02:00.462
2020-04-02,Ray,Missouri,29177,1,0,US,MO,0,0,2020-04-04 16:02:00.462
2020-04-03,Ray,Missouri,29177,2,0,US,MO,1,0,2020-04-04 16:02:00.462
2020-03-30,Reynolds,Missouri,29179,2,0,US,MO,0,0,2020-04-04 16:02:00.462
2020-03-31,Reynolds,Missouri,29179,2,0,US,MO,0,0,2020-04-04 16:02:00.462
2020-04-01,Reynolds,Missouri,29179,2,0,US,MO,0,0,2020-04-04 16:02:00.462
2020-04-02,Reynolds,Missouri,29179,2,0,US,MO,0,0,2020-04-04 16:02:00.462
2020-04-03,Reynolds,Missouri,29179,2,0,US,MO,0,0,2020-04-04 16:02:00.462
2020-03-28,Ripley,Missouri,29181,1,0,US,MO,0,0,2020-04-04 16:02:00.462
2020-03-29,Ripley,Missouri,29181,2,0,US,MO,1,0,2020-04-04 16:02:00.462
2020-03-30,Ripley,Missouri,29181,2,0,US,MO,0,0,2020-04-04 16:02:00.462
2020-03-31,Ripley,Missouri,29181,2,0,US,MO,0,0,2020-04-04 16:02:00.462
2020-04-01,Ripley,Missouri,29181,2,0,US,MO,0,0,2020-04-04 16:02:00.462
2020-04-02,Ripley,Missouri,29181,2,0,US,MO,0,0,2020-04-04 16:02:00.462
2020-04-03,Ripley,Missouri,29181,2,0,US,MO,0,0,2020-04-04 16:02:00.462
2020-04-03,Saline,Missouri,29195,2,0,US,MO,0,0,2020-04-04 16:02:00.462
2020-03-20,Scott,Missouri,29201,1,0,US,MO,0,0,2020-04-04 16:02:00.462
2020-03-21,Scott,Missouri,29201,1,0,US,MO,0,0,2020-04-04 16:02:00.462
2020-03-22,Scott,Missouri,29201,1,0,US,MO,0,0,2020-04-04 16:02:00.462
2020-03-23,Scott,Missouri,29201,1,0,US,MO,0,0,2020-04-04 16:02:00.462
2020-03-24,Scott,Missouri,29201,1,0,US,MO,0,0,2020-04-04 16:02:00.462
2020-03-25,Scott,Missouri,29201,1,0,US,MO,0,0,2020-04-04 16:02:00.462
2020-03-26,Scott,Missouri,29201,1,0,US,MO,0,0,2020-04-04 16:02:00.462
2020-03-27,Scott,Missouri,29201,1,0,US,MO,0,0,2020-04-04 16:02:00.462
2020-03-28,Scott,Missouri,29201,3,0,US,MO,2,0,2020-04-04 16:02:00.462
2020-03-29,Scott,Missouri,29201,3,0,US,MO,0,0,2020-04-04 16:02:00.462
2020-03-30,Scott,Missouri,29201,5,0,US,MO,2,0,2020-04-04 16:02:00.462
2020-03-31,Scott,Missouri,29201,6,0,US,MO,1,0,2020-04-04 16:02:00.462
2020-04-01,Scott,Missouri,29201,6,0,US,MO,0,0,2020-04-04 16:02:00.462
2020-04-02,Scott,Missouri,29201,6,0,US,MO,0,0,2020-04-04 16:02:00.462
2020-04-03,Scott,Missouri,29201,7,0,US,MO,1,0,2020-04-04 16:02:00.462
2020-03-25,Shelby,Missouri,29205,1,0,US,MO,0,0,2020-04-04 16:02:00.462
2020-03-26,Shelby,Missouri,29205,1,0,US,MO,0,0,2020-04-04 16:02:00.462
2020-03-27,Shelby,Missouri,29205,1,0,US,MO,0,0,2020-04-04 16:02:00.462
2020-03-28,Shelby,Missouri,29205,1,0,US,MO,0,0,2020-04-04 16:02:00.462
2020-03-29,Shelby,Missouri,29205,1,0,US,MO,0,0,2020-04-04 16:02:00.462
2020-03-30,Shelby,Missouri,29205,1,0,US,MO,0,0,2020-04-04 16:02:00.462
2020-03-31,Shelby,Missouri,29205,1,0,US,MO,0,0,2020-04-04 16:02:00.462
2020-04-01,Shelby,Missouri,29205,1,0,US,MO,0,0,2020-04-04 16:02:00.462
2020-04-02,Shelby,Missouri,29205,1,0,US,MO,0,0,2020-04-04 16:02:00.462
2020-04-03,Shelby,Missouri,29205,1,0,US,MO,0,0,2020-04-04 16:02:00.462
2020-03-18,St. Charles,Missouri,29183,1,0,US,MO,0,0,2020-04-04 16:02:00.462
2020-03-19,St. Charles,Missouri,29183,1,0,US,MO,0,0,2020-04-04 16:02:00.462
2020-03-20,St. Charles,Missouri,29183,3,0,US,MO,2,0,2020-04-04 16:02:00.462
2020-03-21,St. Charles,Missouri,29183,3,0,US,MO,0,0,2020-04-04 16:02:00.462
2020-03-22,St. Charles,Missouri,29183,3,0,US,MO,0,0,2020-04-04 16:02:00.462
2020-03-23,St. Charles,Missouri,29183,4,0,US,MO,1,0,2020-04-04 16:02:00.462
2020-03-24,St. Charles,Missouri,29183,4,0,US,MO,0,0,2020-04-04 16:02:00.462
2020-03-25,St. Charles,Missouri,29183,18,1,US,MO,14,1,2020-04-04 16:02:00.462
2020-03-26,St. Charles,Missouri,29183,22,1,US,MO,4,0,2020-04-04 16:02:00.462
2020-03-27,St. Charles,Missouri,29183,32,1,US,MO,10,0,2020-04-04 16:02:00.462
2020-03-28,St. Charles,Missouri,29183,37,2,US,MO,5,1,2020-04-04 16:02:00.462
2020-03-29,St. Charles,Missouri,29183,43,2,US,MO,6,0,2020-04-04 16:02:00.462
2020-03-30,St. Charles,Missouri,29183,56,2,US,MO,13,0,2020-04-04 16:02:00.462
2020-03-31,St. Charles,Missouri,29183,95,3,US,MO,39,1,2020-04-04 16:02:00.462
2020-04-01,St. Charles,Missouri,29183,95,3,US,MO,0,0,2020-04-04 16:02:00.462
2020-04-02,St. Charles,Missouri,29183,105,5,US,MO,10,2,2020-04-04 16:02:00.462
2020-04-03,St. Charles,Missouri,29183,132,5,US,MO,27,0,2020-04-04 16:02:00.462
2020-03-23,St. Francois,Missouri,29187,1,0,US,MO,0,0,2020-04-04 16:02:00.462
2020-03-24,St. Francois,Missouri,29187,1,0,US,MO,0,0,2020-04-04 16:02:00.462
2020-03-25,St. Francois,Missouri,29187,2,0,US,MO,1,0,2020-04-04 16:02:00.462
2020-03-26,St. Francois,Missouri,29187,2,0,US,MO,0,0,2020-04-04 16:02:00.462
2020-03-27,St. Francois,Missouri,29187,4,0,US,MO,2,0,2020-04-04 16:02:00.462
2020-03-28,St. Francois,Missouri,29187,4,0,US,MO,0,0,2020-04-04 16:02:00.462
2020-03-29,St. Francois,Missouri,29187,4,0,US,MO,0,0,2020-04-04 16:02:00.462
2020-03-30,St. Francois,Missouri,29187,3,0,US,MO,-1,0,2020-04-04 16:02:00.462
2020-03-31,St. Francois,Missouri,29187,5,0,US,MO,2,0,2020-04-04 16:02:00.462
2020-04-01,St. Francois,Missouri,29187,5,0,US,MO,0,0,2020-04-04 16:02:00.462
2020-04-02,St. Francois,Missouri,29187,9,0,US,MO,4,0,2020-04-04 16:02:00.462
2020-04-03,St. Francois,Missouri,29187,12,0,US,MO,3,0,2020-04-04 16:02:00.462
2020-03-07,St. Louis,Missouri,29189,1,0,US,MO,0,0,2020-04-04 16:02:00.462
2020-03-08,St. Louis,Missouri,29189,1,0,US,MO,0,0,2020-04-04 16:02:00.462
2020-03-09,St. Louis,Missouri,29189,1,0,US,MO,0,0,2020-04-04 16:02:00.462
2020-03-10,St. Louis,Missouri,29189,1,0,US,MO,0,0,2020-04-04 16:02:00.462
2020-03-11,St. Louis,Missouri,29189,1,0,US,MO,0,0,2020-04-04 16:02:00.462
2020-03-12,St. Louis,Missouri,29189,1,0,US,MO,0,0,2020-04-04 16:02:00.462
2020-03-13,St. Louis,Missouri,29189,2,0,US,MO,1,0,2020-04-04 16:02:00.462
2020-03-14,St. Louis,Missouri,29189,2,0,US,MO,0,0,2020-04-04 16:02:00.462
2020-03-15,St. Louis,Missouri,29189,2,0,US,MO,0,0,2020-04-04 16:02:00.462
2020-03-16,St. Louis,Missouri,29189,4,0,US,MO,2,0,2020-04-04 16:02:00.462
2020-03-17,St. Louis,Missouri,29189,5,0,US,MO,1,0,2020-04-04 16:02:00.462
2020-03-18,St. Louis,Missouri,29189,6,0,US,MO,1,0,2020-04-04 16:02:00.462
2020-03-19,St. Louis,Missouri,29189,10,0,US,MO,4,0,2020-04-04 16:02:00.462
2020-03-20,St. Louis,Missouri,29189,13,1,US,MO,3,1,2020-04-04 16:02:00.462
2020-03-21,St. Louis,Missouri,29189,22,1,US,MO,9,0,2020-04-04 16:02:00.462
2020-03-22,St. Louis,Missouri,29189,55,1,US,MO,33,0,2020-04-04 16:02:00.462
2020-03-23,St. Louis,Missouri,29189,68,1,US,MO,13,0,2020-04-04 16:02:00.462
2020-03-24,St. Louis,Missouri,29189,68,1,US,MO,0,0,2020-04-04 16:02:00.462
2020-03-25,St. Louis,Missouri,29189,129,1,US,MO,61,0,2020-04-04 16:02:00.462
2020-03-26,St. Louis,Missouri,29189,173,1,US,MO,44,0,2020-04-04 16:02:00.462
2020-03-27,St. Louis,Missouri,29189,247,2,US,MO,74,1,2020-04-04 16:02:00.462
2020-03-28,St. Louis,Missouri,29189,313,2,US,MO,66,0,2020-04-04 16:02:00.462
2020-03-29,St. Louis,Missouri,29189,336,2,US,MO,23,0,2020-04-04 16:02:00.462
2020-03-30,St. Louis,Missouri,29189,366,2,US,MO,30,0,2020-04-04 16:02:00.462
2020-03-31,St. Louis,Missouri,29189,492,3,US,MO,126,1,2020-04-04 16:02:00.462
2020-04-01,St. Louis,Missouri,29189,492,3,US,MO,0,0,2020-04-04 16:02:00.462
2020-04-02,St. Louis,Missouri,29189,712,6,US,MO,220,3,2020-04-04 16:02:00.462
2020-04-03,St. Louis,Missouri,29189,794,7,US,MO,82,1,2020-04-04 16:02:00.462
2020-03-18,St. Louis city,Missouri,29510,1,0,US,MO,0,0,2020-04-04 16:02:00.462
2020-03-19,St. Louis city,Missouri,29510,5,0,US,MO,4,0,2020-04-04 16:02:00.462
2020-03-20,St. Louis city,Missouri,29510,6,0,US,MO,1,0,2020-04-04 16:02:00.462
2020-03-21,St. Louis city,Missouri,29510,10,0,US,MO,4,0,2020-04-04 16:02:00.462
2020-03-22,St. Louis city,Missouri,29510,14,0,US,MO,4,0,2020-04-04 16:02:00.462
2020-03-23,St. Louis city,Missouri,29510,15,1,US,MO,1,1,2020-04-04 16:02:00.462
2020-03-24,St. Louis city,Missouri,29510,15,1,US,MO,0,0,2020-04-04 16:02:00.462
2020-03-25,St. Louis city,Missouri,29510,53,1,US,MO,38,0,2020-04-04 16:02:00.462
2020-03-26,St. Louis city,Missouri,29510,69,1,US,MO,16,0,2020-04-04 16:02:00.462
2020-03-27,St. Louis city,Missouri,29510,72,1,US,MO,3,0,2020-04-04 16:02:00.462
2020-03-28,St. Louis city,Missouri,29510,93,1,US,MO,21,0,2020-04-04 16:02:00.462
2020-03-29,St. Louis city,Missouri,29510,97,1,US,MO,4,0,2020-04-04 16:02:00.462
2020-03-30,St. Louis city,Missouri,29510,102,1,US,MO,5,0,2020-04-04 16:02:00.462
2020-03-31,St. Louis city,Missouri,29510,136,1,US,MO,34,0,2020-04-04 16:02:00.462
2020-04-01,St. Louis city,Missouri,29510,136,1,US,MO,0,0,2020-04-04 16:02:00.462
2020-04-02,St. Louis city,Missouri,29510,216,1,US,MO,80,0,2020-04-04 16:02:00.462
2020-04-03,St. Louis city,Missouri,29510,275,5,US,MO,59,4,2020-04-04 16:02:00.462
2020-03-31,Ste. Genevieve,Missouri,29186,2,0,US,MO,0,0,2020-04-04 16:02:00.462
2020-04-01,Ste. Genevieve,Missouri,29186,2,0,US,MO,0,0,2020-04-04 16:02:00.462
2020-04-02,Ste. Genevieve,Missouri,29186,3,0,US,MO,1,0,2020-04-04 16:02:00.462
2020-04-03,Ste. Genevieve,Missouri,29186,6,0,US,MO,3,0,2020-04-04 16:02:00.462
2020-03-26,Stoddard,Missouri,29207,1,0,US,MO,0,0,2020-04-04 16:02:00.462
2020-03-27,Stoddard,Missouri,29207,1,0,US,MO,0,0,2020-04-04 16:02:00.462
2020-03-28,Stoddard,Missouri,29207,1,0,US,MO,0,0,2020-04-04 16:02:00.462
2020-03-29,Stoddard,Missouri,29207,2,0,US,MO,1,0,2020-04-04 16:02:00.462
2020-03-30,Stoddard,Missouri,29207,2,0,US,MO,0,0,2020-04-04 16:02:00.462
2020-03-31,Stoddard,Missouri,29207,3,0,US,MO,1,0,2020-04-04 16:02:00.462
2020-04-01,Stoddard,Missouri,29207,3,0,US,MO,0,0,2020-04-04 16:02:00.462
2020-04-02,Stoddard,Missouri,29207,6,0,US,MO,3,0,2020-04-04 16:02:00.462
2020-04-03,Stoddard,Missouri,29207,7,0,US,MO,1,0,2020-04-04 16:02:00.462
2020-03-30,Stone,Missouri,29209,1,0,US,MO,0,0,2020-04-04 16:02:00.462
2020-03-31,Stone,Missouri,29209,1,0,US,MO,0,0,2020-04-04 16:02:00.462
2020-04-01,Stone,Missouri,29209,2,0,US,MO,1,0,2020-04-04 16:02:00.462
2020-04-02,Stone,Missouri,29209,2,0,US,MO,0,0,2020-04-04 16:02:00.462
2020-04-03,Stone,Missouri,29209,2,0,US,MO,0,0,2020-04-04 16:02:00.462
2020-03-23,Taney,Missouri,29213,1,0,US,MO,0,0,2020-04-04 16:02:00.462
2020-03-24,Taney,Missouri,29213,1,0,US,MO,0,0,2020-04-04 16:02:00.462
2020-03-25,Taney,Missouri,29213,1,0,US,MO,0,0,2020-04-04 16:02:00.462
2020-03-26,Taney,Missouri,29213,1,0,US,MO,0,0,2020-04-04 16:02:00.462
2020-03-27,Taney,Missouri,29213,1,0,US,MO,0,0,2020-04-04 16:02:00.462
2020-03-28,Taney,Missouri,29213,2,0,US,MO,1,0,2020-04-04 16:02:00.462
2020-03-29,Taney,Missouri,29213,2,0,US,MO,0,0,2020-04-04 16:02:00.462
2020-03-30,Taney,Missouri,29213,2,0,US,MO,0,0,2020-04-04 16:02:00.462
2020-03-31,Taney,Missouri,29213,2,0,US,MO,0,0,2020-04-04 16:02:00.462
2020-04-01,Taney,Missouri,29213,2,0,US,MO,0,0,2020-04-04 16:02:00.462
2020-04-02,Taney,Missouri,29213,2,0,US,MO,0,0,2020-04-04 16:02:00.462
2020-04-03,Taney,Missouri,29213,5,0,US,MO,3,0,2020-04-04 16:02:00.462
2020-03-27,Texas,Missouri,29215,1,0,US,MO,0,0,2020-04-04 16:02:00.462
2020-03-28,Texas,Missouri,29215,1,0,US,MO,0,0,2020-04-04 16:02:00.462
2020-03-29,Texas,Missouri,29215,1,0,US,MO,0,0,2020-04-04 16:02:00.462
2020-03-30,Texas,Missouri,29215,1,0,US,MO,0,0,2020-04-04 16:02:00.462
2020-03-20,Unknown,Missouri,,1,0,US,MO,0,0,2020-04-04 16:02:00.462
2020-03-21,Unknown,Missouri,,1,0,US,MO,0,0,2020-04-04 16:02:00.462
2020-03-22,Unknown,Missouri,,1,0,US,MO,0,0,2020-04-04 16:02:00.462
2020-03-23,Unknown,Missouri,,1,0,US,MO,0,0,2020-04-04 16:02:00.462
2020-03-24,Unknown,Missouri,,72,0,US,MO,71,0,2020-04-04 16:02:00.462
2020-03-25,Unknown,Missouri,,4,0,US,MO,-68,0,2020-04-04 16:02:00.462
2020-03-26,Unknown,Missouri,,10,0,US,MO,6,0,2020-04-04 16:02:00.462
2020-03-27,Unknown,Missouri,,4,0,US,MO,-6,0,2020-04-04 16:02:00.462
2020-03-28,Unknown,Missouri,,5,0,US,MO,1,0,2020-04-04 16:02:00.462
2020-03-29,Unknown,Missouri,,8,0,US,MO,3,0,2020-04-04 16:02:00.462
2020-03-30,Unknown,Missouri,,12,0,US,MO,4,0,2020-04-04 16:02:00.462
2020-03-31,Unknown,Missouri,,1,0,US,MO,-11,0,2020-04-04 16:02:00.462
2020-04-01,Unknown,Missouri,,2,0,US,MO,1,0,2020-04-04 16:02:00.462
2020-04-02,Unknown,Missouri,,3,0,US,MO,1,0,2020-04-04 16:02:00.462
2020-04-03,Unknown,Missouri,,3,0,US,MO,0,0,2020-04-04 16:02:00.462
2020-03-28,Warren,Missouri,29219,1,0,US,MO,0,0,2020-04-04 16:02:00.462
2020-03-29,Warren,Missouri,29219,2,0,US,MO,1,0,2020-04-04 16:02:00.462
2020-03-30,Warren,Missouri,29219,2,0,US,MO,0,0,2020-04-04 16:02:00.462
2020-03-31,Warren,Missouri,29219,5,0,US,MO,3,0,2020-04-04 16:02:00.462
2020-04-01,Warren,Missouri,29219,6,0,US,MO,1,0,2020-04-04 16:02:00.462
2020-04-02,Warren,Missouri,29219,7,0,US,MO,1,0,2020-04-04 16:02:00.462
2020-04-03,Warren,Missouri,29219,7,0,US,MO,0,0,2020-04-04 16:02:00.462
2020-03-30,Webster,Missouri,29225,1,0,US,MO,0,0,2020-04-04 16:02:00.462
2020-03-31,Webster,Missouri,29225,2,0,US,MO,1,0,2020-04-04 16:02:00.462
2020-04-01,Webster,Missouri,29225,2,0,US,MO,0,0,2020-04-04 16:02:00.462
2020-04-02,Webster,Missouri,29225,2,0,US,MO,0,0,2020-04-04 16:02:00.462
2020-04-03,Webster,Missouri,29225,2,0,US,MO,0,0,2020-04-04 16:02:00.462
2020-03-27,Wright,Missouri,29229,1,0,US,MO,0,0,2020-04-04 16:02:00.462
2020-03-28,Wright,Missouri,29229,1,0,US,MO,0,0,2020-04-04 16:02:00.462
2020-03-29,Wright,Missouri,29229,3,0,US,MO,2,0,2020-04-04 16:02:00.462
2020-03-30,Wright,Missouri,29229,4,0,US,MO,1,0,2020-04-04 16:02:00.462
2020-03-31,Wright,Missouri,29229,4,0,US,MO,0,0,2020-04-04 16:02:00.462
2020-04-01,Wright,Missouri,29229,4,0,US,MO,0,0,2020-04-04 16:02:00.462
2020-04-02,Wright,Missouri,29229,6,0,US,MO,2,0,2020-04-04 16:02:00.462
2020-04-03,Wright,Missouri,29229,6,0,US,MO,0,0,2020-04-04 16:02:00.462